ALASKA,Alaska
ARIZONA,Arizona
ARKANSAS,Arkansas
CALIFORNIA,California
ALABAMA,Alabama
COLORADO,Colorado
CONNECTICUT,Connecticut
DELAWARE,Delaware
DISTRICT OF COLUMBIA,District Of Columbia
FLORIDA,Florida
GEORGIA,Georgia
HAWAII,Hawaii
IDAHO,Idaho
ILLINOIS,Illinois
INDIANA,Indiana
IOWA,Iowa
KANSAS,Kansas
KENTUCKY,Kentucky
LOUISIANA,Louisiana
MAINE,Maine
MARYLAND,Maryland
MASSACHUSETTS,Massachusetts
MICHIGAN,Michigan
MINNESOTA,Minnesota
MISSISSIPPI,Mississippi
MISSOURI,Missouri
MONTANA,Montana
NEBRASKA,Nebraska
NEVADA,Nevada
NEW HAMPSHIRE,New Hampshire
NEW JERSEY,New Jersey
NEW MEXICO,New Mexico
NEW YORK,New York
NORTH CAROLINA,North Carolina
NORTH DAKOTA,North Dakota
OHIO,Ohio
OKLAHOMA,Oklahoma
OREGON,Oregon
PENNSYLVANIA,Pennsylvania
RHODE ISLAND,Rhode Island
SOUTH CAROLINA,South Carolina
SOUTH DAKOTA,South Dakota
TENNESSEE,Tennessee
TEXAS,Texas
UTAH,Utah
VERMONT,Vermont
VIRGINIA,Virginia
WASHINGTON,Washington
WEST VIRGINIA,West Virginia
WISCONSIN,Wisconsin
WYOMING,Wyoming
LAKE ST CLAIR,Lake St Clair
HAWAII WATERS,Hawaii Waters
GULF OF MEXICO,Gulf Of Mexico
E PACIFIC,E Pacific
ATLANTIC SOUTH,Atlantic South
ATLANTIC NORTH,Atlantic North
GULF OF ALASKA,Gulf Of Alaska
LAKE HURON,Lake Huron
LAKE MICHIGAN,Lake Michigan
LAKE SUPERIOR,Lake Superior
ST LAWRENCE R,St Lawrence R
LAKE ONTARIO,Lake Ontario
LAKE ERIE,Lake Erie
VIRGIN ISLANDS,Virgin Islands
AMERICAN SAMOA,American Samoa
GUAM,Guam
PUERTO RICO,Puerto Rico
